[
  {
    "_id": "bus1",
    "name": "Delhi Express",
    "type": "AC Sleeper",
    "rating": 4.5,
    "totalReviews": 125,
    "departureTime": "21:30",
    "arrivalTime": "06:30",
    "duration": "9h",
    "source": "Delhi",
    "destination": "Jaipur",
    "fare": 950,
    "seatsAvailable": 12,
    "amenities": ["wifi", "charging_point", "water_bottle"],
    "cancellationPolicy": "Refundable with 10% cancellation fee if cancelled before 6 hours of departure"
  },
  {
    "_id": "bus2",
    "name": "Mumbai Travels",
    "type": "AC Seater",
    "rating": 4.2,
    "totalReviews": 98,
    "departureTime": "08:00",
    "arrivalTime": "14:00",
    "duration": "6h",
    "source": "Mumbai",
    "destination": "Pune",
    "fare": 450,
    "seatsAvailable": 25,
    "amenities": ["wifi", "charging_point"],
    "cancellationPolicy": "Refundable with 15% cancellation fee if cancelled before 6 hours of departure"
  },
  {
    "_id": "bus3",
    "name": "Bangalore Express",
    "type": "Volvo AC Sleeper",
    "rating": 4.7,
    "totalReviews": 156,
    "departureTime": "22:00",
    "arrivalTime": "06:00",
    "duration": "8h",
    "source": "Bangalore",
    "destination": "Chennai",
    "fare": 1200,
    "seatsAvailable": 8,
    "amenities": ["wifi", "charging_point", "water_bottle", "blanket"],
    "cancellationPolicy": "Refundable with 10% cancellation fee if cancelled before 12 hours of departure"
  },
  {
    "_id": "bus4",
    "name": "Hyderabad Link",
    "type": "Non-AC Sleeper",
    "rating": 3.8,
    "totalReviews": 75,
    "departureTime": "20:30",
    "arrivalTime": "05:30",
    "duration": "9h",
    "source": "Hyderabad",
    "destination": "Bangalore",
    "fare": 800,
    "seatsAvailable": 15,
    "amenities": ["charging_point", "water_bottle"],
    "cancellationPolicy": "Refundable with 20% cancellation fee if cancelled before 6 hours of departure"
  },
  {
    "_id": "bus5",
    "name": "Kerala Express",
    "type": "AC Sleeper",
    "rating": 4.4,
    "totalReviews": 112,
    "departureTime": "21:00",
    "arrivalTime": "09:00",
    "duration": "12h",
    "source": "Bangalore",
    "destination": "Kochi",
    "fare": 1500,
    "seatsAvailable": 20,
    "amenities": ["wifi", "charging_point", "water_bottle", "blanket"],
    "cancellationPolicy": "Refundable with 15% cancellation fee if cancelled before 12 hours of departure"
  },
  {
    "_id": "bus6",
    "name": "Gujarat Travels",
    "type": "Volvo AC Seater",
    "rating": 4.3,
    "totalReviews": 89,
    "departureTime": "07:00",
    "arrivalTime": "15:00",
    "duration": "8h",
    "source": "Ahmedabad",
    "destination": "Mumbai",
    "fare": 900,
    "seatsAvailable": 18,
    "amenities": ["wifi", "charging_point", "water_bottle"],
    "cancellationPolicy": "Refundable with 10% cancellation fee if cancelled before 6 hours of departure"
  },
  {
    "_id": "bus7",
    "name": "Chennai Express",
    "type": "AC Sleeper",
    "rating": 4.6,
    "totalReviews": 134,
    "departureTime": "22:30",
    "arrivalTime": "06:30",
    "duration": "8h",
    "source": "Chennai",
    "destination": "Bangalore",
    "fare": 1100,
    "seatsAvailable": 10,
    "amenities": ["wifi", "charging_point", "water_bottle", "blanket"],
    "cancellationPolicy": "Refundable with 15% cancellation fee if cancelled before 6 hours of departure"
  },
  {
    "_id": "bus8",
    "name": "Kolkata Mail",
    "type": "AC Sleeper",
    "rating": 4.2,
    "totalReviews": 95,
    "departureTime": "20:00",
    "arrivalTime": "08:00",
    "duration": "12h",
    "source": "Kolkata",
    "destination": "Bhubaneswar",
    "fare": 1300,
    "seatsAvailable": 22,
    "amenities": ["wifi", "charging_point", "water_bottle"],
    "cancellationPolicy": "Refundable with 20% cancellation fee if cancelled before 12 hours of departure"
  },
  {
    "_id": "bus9",
    "name": "Punjab Travels",
    "type": "Volvo AC Sleeper",
    "rating": 4.5,
    "totalReviews": 108,
    "departureTime": "21:00",
    "arrivalTime": "05:00",
    "duration": "8h",
    "source": "Delhi",
    "destination": "Chandigarh",
    "fare": 850,
    "seatsAvailable": 15,
    "amenities": ["wifi", "charging_point", "water_bottle", "blanket"],
    "cancellationPolicy": "Refundable with 10% cancellation fee if cancelled before 6 hours of departure"
  },
  {
    "_id": "bus10",
    "name": "Rajasthan Roadways",
    "type": "AC Seater",
    "rating": 4.0,
    "totalReviews": 82,
    "departureTime": "06:00",
    "arrivalTime": "14:00",
    "duration": "8h",
    "source": "Jaipur",
    "destination": "Udaipur",
    "fare": 700,
    "seatsAvailable": 28,
    "amenities": ["wifi", "charging_point"],
    "cancellationPolicy": "Refundable with 15% cancellation fee if cancelled before 6 hours of departure"
  }
]
