[
  { "name": "Delhi" },
  { "name": "Mumbai" },
  { "name": "Bangalore" },
  { "name": "Chennai" },
  { "name": "Hyderabad" },
  { "name": "Kolkata" },
  { "name": "Ahmedabad" },
  { "name": "Pune" },
  { "name": "Jaipur" },
  { "name": "Lucknow" },
  { "name": "Kanpur" },
  { "name": "Nagpur" },
  { "name": "Indore" },
  { "name": "Thane" },
  { "name": "Bhopal" },
  { "name": "Visakhapatnam" },
  { "name": "Patna" },
  { "name": "Vadodara" },
  { "name": "Ghaziabad" },
  { "name": "Ludhiana" },
  { "name": "Agra" },
  { "name": "Nashik" },
  { "name": "Faridabad" },
  { "name": "Meerut" },
  { "name": "Rajkot" },
  { "name": "Kalyan-Dombivli" },
  { "name": "Vasai-Virar" },
  { "name": "Varanasi" },
  { "name": "Srinagar" },
  { "name": "Aurangabad" },
  { "name": "Dhanbad" },
  { "name": "Amritsar" },
  { "name": "Navi Mumbai" },
  { "name": "Allahabad" },
  { "name": "Ranchi" },
  { "name": "Howrah" },
  { "name": "Coimbatore" },
  { "name": "Jabalpur" },
  { "name": "Gwalior" },
  { "name": "Vijayawada" },
  { "name": "Jodhpur" },
  { "name": "Madurai" },
  { "name": "Raipur" },
  { "name": "Kota" },
  { "name": "Chandigarh" },
  { "name": "Guwahati" },
  { "name": "Solapur" },
  { "name": "Hubli-Dharwad" },
  { "name": "Mysore" }
]
